\git\esassoc\neptune\Neptune.EFModels\Entities\CustomAttributeTypes.cs	121
\git\esassoc\neptune\Neptune.EFModels\Entities\CustomAttributeTypes.cs	130
\git\esassoc\neptune\Neptune.EFModels\Entities\CustomAttributeTypes.cs	67
\git\esassoc\neptune\Neptune.EFModels\Entities\CustomAttributeTypes.cs	52
\git\esassoc\neptune\Neptune.EFModels\Entities\CustomAttributes.cs	37
\git\esassoc\neptune\Neptune.EFModels\Entities\CustomAttributes.cs	25
\git\esassoc\neptune\Neptune.EFModels\Entities\CustomAttributes.cs	47
\git\esassoc\neptune\Neptune.EFModels\Entities\CustomAttributes.cs	72
\git\esassoc\neptune\Neptune.EFModels\Entities\CustomAttributes.cs	62
\git\esassoc\neptune\Neptune.EFModels\Entities\Delineations.cs	83
\git\esassoc\neptune\Neptune.EFModels\Entities\Delineations.cs	51
\git\esassoc\neptune\Neptune.EFModels\Entities\Delineations.cs	121
\git\esassoc\neptune\Neptune.EFModels\Entities\Delineations.cs	109
\git\esassoc\neptune\Neptune.EFModels\Entities\Delineations.cs	115
\git\esassoc\neptune\Neptune.EFModels\Entities\Delineations.cs	103
\git\esassoc\neptune\Neptune.EFModels\Entities\Delineations.cs	309
\git\esassoc\neptune\Neptune.EFModels\Entities\Delineations.cs	293
\git\esassoc\neptune\Neptune.EFModels\Entities\FieldDefinitions.cs	29
\git\esassoc\neptune\Neptune.EFModels\Entities\FieldDefinitions.cs	44
\git\esassoc\neptune\Neptune.EFModels\Entities\FieldDefinitions.cs	39
\git\esassoc\neptune\Neptune.EFModels\Entities\FieldVisits.cs	54
\git\esassoc\neptune\Neptune.EFModels\Entities\FieldVisits.cs	39
\git\esassoc\neptune\Neptune.EFModels\Entities\FieldVisits.cs	66
\git\esassoc\neptune\Neptune.EFModels\Entities\FieldVisits.cs	73
\git\esassoc\neptune\Neptune.EFModels\Entities\FieldVisits.cs	79
\git\esassoc\neptune\Neptune.EFModels\Entities\FieldVisits.cs	60
\git\esassoc\neptune\Neptune.EFModels\Entities\FileResources.cs	72
\git\esassoc\neptune\Neptune.EFModels\Entities\FundingEvents.cs	57
\git\esassoc\neptune\Neptune.EFModels\Entities\FundingEvents.cs	44
\git\esassoc\neptune\Neptune.EFModels\Entities\FundingEvents.cs	20
\git\esassoc\neptune\Neptune.EFModels\Entities\FundingEvents.cs	72
\git\esassoc\neptune\Neptune.EFModels\Entities\FundingSources.cs	93
\git\esassoc\neptune\Neptune.EFModels\Entities\FundingSources.cs	80
\git\esassoc\neptune\Neptune.EFModels\Entities\FundingSources.cs	19
\git\esassoc\neptune\Neptune.EFModels\Entities\LandUseBlockStagings.cs	39
\git\esassoc\neptune\Neptune.EFModels\Entities\LandUseBlockStagings.cs	24
\git\esassoc\neptune\Neptune.EFModels\Entities\LoadGeneratingUnits.cs	9
\git\esassoc\neptune\Neptune.EFModels\Entities\MaintenanceRecordObservations.cs	43
\git\esassoc\neptune\Neptune.EFModels\Entities\MaintenanceRecordObservations.cs	28
\git\esassoc\neptune\Neptune.EFModels\Entities\MaintenanceRecordObservations.cs	49
\git\esassoc\neptune\Neptune.EFModels\Entities\MaintenanceRecords.cs	49
\git\esassoc\neptune\Neptune.EFModels\Entities\MaintenanceRecords.cs	36
\git\esassoc\neptune\Neptune.EFModels\Entities\MaintenanceRecords.cs	54
\git\esassoc\neptune\Neptune.EFModels\Entities\NeptunePages.cs	35
\git\esassoc\neptune\Neptune.EFModels\Entities\NereidLogs.cs	8
\git\esassoc\neptune\Neptune.EFModels\Entities\NereidLogs.cs	13
\git\esassoc\neptune\Neptune.EFModels\Entities\OnlandVisualTrashAssessmentAreas.cs	43
\git\esassoc\neptune\Neptune.EFModels\Entities\OnlandVisualTrashAssessmentAreas.cs	29
\git\esassoc\neptune\Neptune.EFModels\Entities\OnlandVisualTrashAssessmentAreas.cs	48
\git\esassoc\neptune\Neptune.EFModels\Entities\OnlandVisualTrashAssessmentObservations.cs	41
\git\esassoc\neptune\Neptune.EFModels\Entities\OnlandVisualTrashAssessmentObservations.cs	28
\git\esassoc\neptune\Neptune.EFModels\Entities\OnlandVisualTrashAssessments.cs	50
\git\esassoc\neptune\Neptune.EFModels\Entities\OnlandVisualTrashAssessments.cs	32
\git\esassoc\neptune\Neptune.EFModels\Entities\OnlandVisualTrashAssessments.cs	63
\git\esassoc\neptune\Neptune.EFModels\Entities\OnlandVisualTrashAssessments.cs	75
\git\esassoc\neptune\Neptune.EFModels\Entities\OrganizationTypes.cs	29
\git\esassoc\neptune\Neptune.EFModels\Entities\OrganizationTypes.cs	39
\git\esassoc\neptune\Neptune.EFModels\Entities\Organizations.cs	61
\git\esassoc\neptune\Neptune.EFModels\Entities\Organizations.cs	46
\git\esassoc\neptune\Neptune.EFModels\Entities\Organizations.cs	33
\git\esassoc\neptune\Neptune.EFModels\Entities\Organizations.cs	71
\git\esassoc\neptune\Neptune.EFModels\Entities\Organizations.cs	51
\git\esassoc\neptune\Neptune.EFModels\Entities\Organizations.cs	56
\git\esassoc\neptune\Neptune.EFModels\Entities\Organizations.cs	81
\git\esassoc\neptune\Neptune.EFModels\Entities\Parcels.cs	56
\git\esassoc\neptune\Neptune.EFModels\Entities\Parcels.cs	43
\git\esassoc\neptune\Neptune.EFModels\Entities\Parcels.cs	61
\git\esassoc\neptune\Neptune.EFModels\Entities\People.cs	80
\git\esassoc\neptune\Neptune.EFModels\Entities\People.cs	57
\git\esassoc\neptune\Neptune.EFModels\Entities\People.cs	44
\git\esassoc\neptune\Neptune.EFModels\Entities\People.cs	136
\git\esassoc\neptune\Neptune.EFModels\Entities\People.cs	107
\git\esassoc\neptune\Neptune.EFModels\Entities\People.cs	130
\git\esassoc\neptune\Neptune.EFModels\Entities\People.cs	125
\git\esassoc\neptune\Neptune.EFModels\Entities\Projects.cs	81
\git\esassoc\neptune\Neptune.EFModels\Entities\Projects.cs	54
\git\esassoc\neptune\Neptune.EFModels\Entities\QuickBMPs.cs	41
\git\esassoc\neptune\Neptune.EFModels\Entities\QuickBMPs.cs	26
\git\esassoc\neptune\Neptune.EFModels\Entities\QuickBMPs.cs	58
\git\esassoc\neptune\Neptune.EFModels\Entities\QuickBMPs.cs	66
\git\esassoc\neptune\Neptune.EFModels\Entities\QuickBMPs.cs	47
\git\esassoc\neptune\Neptune.EFModels\Entities\RegionalSubbasinRevisionRequests.cs	48
\git\esassoc\neptune\Neptune.EFModels\Entities\RegionalSubbasinRevisionRequests.cs	33
\git\esassoc\neptune\Neptune.EFModels\Entities\RegionalSubbasinRevisionRequests.cs	54
\git\esassoc\neptune\Neptune.EFModels\Entities\RegionalSubbasinRevisionRequests.cs	66
\git\esassoc\neptune\Neptune.EFModels\Entities\RegionalSubbasinRevisionRequests.cs	72
\git\esassoc\neptune\Neptune.EFModels\Entities\RegionalSubbasinRevisionRequests.cs	60
\git\esassoc\neptune\Neptune.EFModels\Entities\RegionalSubbasins.cs	40
\git\esassoc\neptune\Neptune.EFModels\Entities\RegionalSubbasins.cs	27
\git\esassoc\neptune\Neptune.EFModels\Entities\RegionalSubbasins.cs	45
\git\esassoc\neptune\Neptune.EFModels\Entities\RegionalSubbasins.cs	136
\git\esassoc\neptune\Neptune.EFModels\Entities\RegionalSubbasins.cs	130
\git\esassoc\neptune\Neptune.EFModels\Entities\RegionalSubbasins.cs	119
\git\esassoc\neptune\Neptune.EFModels\Entities\RegionalSubbasins.cs	53
\git\esassoc\neptune\Neptune.EFModels\Entities\RegionalSubbasins.cs	58
\git\esassoc\neptune\Neptune.EFModels\Entities\SourceControlBMPAttributes.cs	39
\git\esassoc\neptune\Neptune.EFModels\Entities\SourceControlBMPAttributes.cs	24
\git\esassoc\neptune\Neptune.EFModels\Entities\SourceControlBMPAttributes.cs	45
\git\esassoc\neptune\Neptune.EFModels\Entities\SourceControlBMPs.cs	40
\git\esassoc\neptune\Neptune.EFModels\Entities\SourceControlBMPs.cs	25
\git\esassoc\neptune\Neptune.EFModels\Entities\SourceControlBMPs.cs	46
\git\esassoc\neptune\Neptune.EFModels\Entities\StormwaterJurisdictionGeometries.cs	34
\git\esassoc\neptune\Neptune.EFModels\Entities\StormwaterJurisdictionGeometries.cs	21
\git\esassoc\neptune\Neptune.EFModels\Entities\StormwaterJurisdictionGeometries.cs	8
\git\esassoc\neptune\Neptune.EFModels\Entities\StormwaterJurisdictionGeometries.cs	47
\git\esassoc\neptune\Neptune.EFModels\Entities\StormwaterJurisdictionPeople.cs	35
\git\esassoc\neptune\Neptune.EFModels\Entities\StormwaterJurisdictionPeople.cs	22
\git\esassoc\neptune\Neptune.EFModels\Entities\StormwaterJurisdictionPeople.cs	107
\git\esassoc\neptune\Neptune.EFModels\Entities\StormwaterJurisdictions.cs	71
\git\esassoc\neptune\Neptune.EFModels\Entities\StormwaterJurisdictions.cs	58
\git\esassoc\neptune\Neptune.EFModels\Entities\TreatmentBMPAssessmentObservationTypes.cs	38
\git\esassoc\neptune\Neptune.EFModels\Entities\TreatmentBMPAssessmentObservationTypes.cs	25
\git\esassoc\neptune\Neptune.EFModels\Entities\TreatmentBMPAssessmentObservationTypes.cs	43
\git\esassoc\neptune\Neptune.EFModels\Entities\TreatmentBMPAssessmentPhotos.cs	100
\git\esassoc\neptune\Neptune.EFModels\Entities\TreatmentBMPAssessmentPhotos.cs	87
\git\esassoc\neptune\Neptune.EFModels\Entities\TreatmentBMPAssessmentPhotos.cs	69
\git\esassoc\neptune\Neptune.EFModels\Entities\TreatmentBMPAssessmentPhotos.cs	74
\git\esassoc\neptune\Neptune.EFModels\Entities\TreatmentBMPAssessments.cs	50
\git\esassoc\neptune\Neptune.EFModels\Entities\TreatmentBMPAssessments.cs	75
\git\esassoc\neptune\Neptune.EFModels\Entities\TreatmentBMPAssessments.cs	37
\git\esassoc\neptune\Neptune.EFModels\Entities\TreatmentBMPAssessments.cs	55
\git\esassoc\neptune\Neptune.EFModels\Entities\TreatmentBMPAssessments.cs	60
\git\esassoc\neptune\Neptune.EFModels\Entities\TreatmentBMPBenchmarkAndThresholds.cs	35
\git\esassoc\neptune\Neptune.EFModels\Entities\TreatmentBMPBenchmarkAndThresholds.cs	22
\git\esassoc\neptune\Neptune.EFModels\Entities\TreatmentBMPBenchmarkAndThresholds.cs	40
\git\esassoc\neptune\Neptune.EFModels\Entities\TreatmentBMPBenchmarkAndThresholds.cs	45
\git\esassoc\neptune\Neptune.EFModels\Entities\TreatmentBMPBenchmarkAndThresholds.cs	50
\git\esassoc\neptune\Neptune.EFModels\Entities\TreatmentBMPDocuments.cs	105
\git\esassoc\neptune\Neptune.EFModels\Entities\TreatmentBMPDocuments.cs	92
\git\esassoc\neptune\Neptune.EFModels\Entities\TreatmentBMPDocuments.cs	79
\git\esassoc\neptune\Neptune.EFModels\Entities\TreatmentBMPImages.cs	167
\git\esassoc\neptune\Neptune.EFModels\Entities\TreatmentBMPImages.cs	154
\git\esassoc\neptune\Neptune.EFModels\Entities\TreatmentBMPImages.cs	136
\git\esassoc\neptune\Neptune.EFModels\Entities\TreatmentBMPImages.cs	141
\git\esassoc\neptune\Neptune.EFModels\Entities\TreatmentBMPObservations.cs	34
\git\esassoc\neptune\Neptune.EFModels\Entities\TreatmentBMPObservations.cs	21
\git\esassoc\neptune\Neptune.EFModels\Entities\TreatmentBMPObservations.cs	39
\git\esassoc\neptune\Neptune.EFModels\Entities\TreatmentBMPObservations.cs	44
\git\esassoc\neptune\Neptune.EFModels\Entities\TreatmentBMPTypeAssessmentObservationTypes.cs	41
\git\esassoc\neptune\Neptune.EFModels\Entities\TreatmentBMPTypeAssessmentObservationTypes.cs	26
\git\esassoc\neptune\Neptune.EFModels\Entities\TreatmentBMPTypeAssessmentObservationTypes.cs	47
\git\esassoc\neptune\Neptune.EFModels\Entities\TreatmentBMPTypeAssessmentObservationTypes.cs	52
\git\esassoc\neptune\Neptune.EFModels\Entities\TreatmentBMPTypeCustomAttributeTypes.cs	39
\git\esassoc\neptune\Neptune.EFModels\Entities\TreatmentBMPTypeCustomAttributeTypes.cs	24
\git\esassoc\neptune\Neptune.EFModels\Entities\TreatmentBMPTypes.cs	38
\git\esassoc\neptune\Neptune.EFModels\Entities\TreatmentBMPTypes.cs	25
\git\esassoc\neptune\Neptune.EFModels\Entities\TreatmentBMPs.cs	569
\git\esassoc\neptune\Neptune.EFModels\Entities\TreatmentBMPs.cs	168
\git\esassoc\neptune\Neptune.EFModels\Entities\TreatmentBMPs.cs	604
\git\esassoc\neptune\Neptune.EFModels\Entities\TreatmentBMPs.cs	728
\git\esassoc\neptune\Neptune.EFModels\Entities\TreatmentBMPs.cs	761
\git\esassoc\neptune\Neptune.EFModels\Entities\TreatmentBMPs.cs	770
\git\esassoc\neptune\Neptune.EFModels\Entities\TreatmentBMPs.cs	743
\git\esassoc\neptune\Neptune.EFModels\Entities\WaterQualityManagementPlanBoundaries.cs	44
\git\esassoc\neptune\Neptune.EFModels\Entities\WaterQualityManagementPlanBoundaries.cs	29
\git\esassoc\neptune\Neptune.EFModels\Entities\WaterQualityManagementPlanDocuments.cs	54
\git\esassoc\neptune\Neptune.EFModels\Entities\WaterQualityManagementPlanDocuments.cs	41
\git\esassoc\neptune\Neptune.EFModels\Entities\WaterQualityManagementPlanExtractionResults.StaticHelpers.cs	8
\git\esassoc\neptune\Neptune.EFModels\Entities\WaterQualityManagementPlanParcels.cs	43
\git\esassoc\neptune\Neptune.EFModels\Entities\WaterQualityManagementPlanParcels.cs	28
\git\esassoc\neptune\Neptune.EFModels\Entities\WaterQualityManagementPlanParcels.cs	49
\git\esassoc\neptune\Neptune.EFModels\Entities\WaterQualityManagementPlanVerifies.cs	46
\git\esassoc\neptune\Neptune.EFModels\Entities\WaterQualityManagementPlanVerifies.cs	30
\git\esassoc\neptune\Neptune.EFModels\Entities\WaterQualityManagementPlanVerifies.cs	63
\git\esassoc\neptune\Neptune.EFModels\Entities\WaterQualityManagementPlanVerifies.cs	52
\git\esassoc\neptune\Neptune.EFModels\Entities\WaterQualityManagementPlanVerifyQuickBMPs.cs	43
\git\esassoc\neptune\Neptune.EFModels\Entities\WaterQualityManagementPlanVerifyQuickBMPs.cs	28
\git\esassoc\neptune\Neptune.EFModels\Entities\WaterQualityManagementPlanVerifyQuickBMPs.cs	49
\git\esassoc\neptune\Neptune.EFModels\Entities\WaterQualityManagementPlanVerifyQuickBMPs.cs	55
\git\esassoc\neptune\Neptune.EFModels\Entities\WaterQualityManagementPlanVerifyQuickBMPs.cs	61
\git\esassoc\neptune\Neptune.EFModels\Entities\WaterQualityManagementPlanVerifyTreatmentBMPs.cs	43
\git\esassoc\neptune\Neptune.EFModels\Entities\WaterQualityManagementPlanVerifyTreatmentBMPs.cs	28
\git\esassoc\neptune\Neptune.EFModels\Entities\WaterQualityManagementPlanVerifyTreatmentBMPs.cs	49
\git\esassoc\neptune\Neptune.EFModels\Entities\WaterQualityManagementPlanVerifyTreatmentBMPs.cs	55
\git\esassoc\neptune\Neptune.EFModels\Entities\WaterQualityManagementPlanVerifyTreatmentBMPs.cs	61
\git\esassoc\neptune\Neptune.EFModels\Entities\WaterQualityManagementPlans.cs	50
\git\esassoc\neptune\Neptune.EFModels\Entities\WaterQualityManagementPlans.cs	56
\git\esassoc\neptune\Neptune.EFModels\Entities\WaterQualityManagementPlans.cs	29
\git\esassoc\neptune\Neptune.EFModels\Entities\WaterQualityManagementPlans.cs	66
\git\esassoc\neptune\Neptune.EFModels\Entities\vFieldVisitDetaileds.cs	71
\git\esassoc\neptune\Neptune.EFModels\Entities\vFieldVisitDetaileds.cs	77
\git\esassoc\neptune\Neptune.EFModels\Entities\vHRUCharacteristics.cs	8
\git\esassoc\neptune\Neptune.EFModels\Entities\vHRUCharacteristics.cs	35
\git\esassoc\neptune\Neptune.EFModels\Entities\vHRUCharacteristics.cs	29
\git\esassoc\neptune\Neptune.EFModels\Entities\vHRUCharacteristics.cs	13
\git\esassoc\neptune\Neptune.EFModels\Entities\vLoadGeneratingUnits.cs	8
\git\esassoc\neptune\Neptune.EFModels\Entities\vLoadGeneratingUnits.cs	13
\git\esassoc\neptune\Neptune.EFModels\Entities\vRegionalSubbasinUpstreams.cs	17
\git\esassoc\neptune\Neptune.EFModels\Entities\vWaterQualityManagementPlanAnnualReportInventoryAndVerifications.cs	8
\git\esassoc\neptune\Neptune.EFModels\Entities\vWaterQualityManagementPlanDetaileds.cs	8
